participant_id,delta_mean,delta_std,delta_max,delta_min,theta_mean,theta_std,theta_max,theta_min,alpha_mean,alpha_std,alpha_max,alpha_min,beta_mean,beta_std,beta_max,beta_min,gamma_mean,gamma_std,gamma_max,gamma_min,frontal_asymmetry,GSR Resistance CAL_mean,GSR Resistance CAL_std,GSR Resistance CAL_max,GSR Resistance CAL_min,GSR Resistance CAL_range,GSR Resistance CAL_peaks,GSR Resistance CAL_peak_rate,GSR Resistance CAL_recovery_slope,GSR Conductance CAL_mean,GSR Conductance CAL_std,GSR Conductance CAL_max,GSR Conductance CAL_min,GSR Conductance CAL_range,GSR Conductance CAL_peaks,GSR Conductance CAL_peak_rate,GSR Conductance CAL_recovery_slope,GSR RAW_mean,GSR RAW_std,GSR RAW_max,GSR RAW_min,GSR RAW_range,GSR RAW_peaks,GSR RAW_peak_rate,GSR RAW_recovery_slope,happiness_composite,sadness_composite,anger_composite,surprise_composite,disgust_composite,fear_composite,valence_au,arousal_au,sr_Category_mean,sr_Category_std,sr_routineStart_mean,sr_routineStart_std,sr_routineEnd_mean,sr_routineEnd_std
1,0.8211329401469568,0.41893305058119223,2.3792708,-0.94433504,0.5394582025823753,0.31016788231401893,1.488185,-0.8155096,0.7039002334807427,0.25919059614446455,1.5610377,-0.5568775,0.3767230569501147,0.15311426568484188,1.6152143,-0.734581,-0.08703721243179896,0.19346892147655975,1.482298,-1.2849352,0.22963832802767048,55.44326091112826,5.137886400870194,66.90947907771135,40.25898752751284,26.65049155019851,5461,57.32791652232335,-0.00015380909892333383,18.204061630688233,1.8276394404515233,24.83917409290543,14.945565468213552,9.893608624691879,6391,67.09077357520025,5.3018022381304966e-05,2617.683064067437,5006.649597555413,20347.0,1119.0,19228.0,4252,44.63620235358339,-0.07339063323478559,0,0,0,0,0,0,0,0,2.1,0.8412444993533733,1680003544.9048276,175.98150527597804,1680003555.5752015,174.2391635814811
2,0.47403136713548233,0.410981727728555,2.4051025,-1.0392332,0.2527847379367771,0.2882381249442891,1.5937591,-1.0555853,0.477280684231011,0.26158565956236496,1.5434053,-0.5513081,0.4398732744719573,0.2849518102721137,1.5830284,-0.2642977,0.22187589760395549,0.3313888243421277,1.6836777,-0.6240797,-0.23839803158516304,142.61992730786875,11.07864340218787,172.65535478184225,97.13736672452268,75.51798805731957,8908,78.16434870354934,-2.5295469029177202e-05,7.05585317715914,0.5759066154507817,10.294699493305766,5.791885234393945,4.502814258911821,8286,72.70653270741018,2.2789079839988324e-06,18448.58288070899,112.80714806796051,19083.0,18201.0,882.0,6429,56.41205633308472,0.0004463867986361303,0,0,0,0,0,0,0,0,1.9090909090909092,0.8048150549829897,1676985011.0283165,241.00710879643262,1676985028.2734864,240.18449282272778
3,-inf,0.4462146296959424,2.1056128,-inf,-inf,0.38773327672869035,1.5487403,-inf,-inf,0.30104773290531245,1.4769346,-inf,-inf,0.11472889206244292,1.5493417,-inf,-inf,0.12682939901793436,1.3554668,-inf,3.09510819986794,653.2010005300618,246.86906515985976,1038.621166705096,167.34515164459637,871.2760150604995,17478,99.68062050872591,0.0006167412403328808,1.8515008408656033,0.9271292116703239,5.975673571492385,0.9628149628149624,5.012858608677423,17968,102.47519105737423,-2.9148491013885774e-06,42918.5053724193,9364.069079831492,53085.0,17873.0,35212.0,14283,81.45887989049847,-0.022218574005119365,0,0,0,0,0,0,0,0,2.142857142857143,0.8430903828939237,1678717650.977913,342.4613175718809,1678717668.9034877,334.73037296202807
4,0.7410610290753383,0.3961771734579992,2.3339415,-0.7182687,0.4121722054351009,0.31370633674973913,1.6580806,-0.8540737,0.730167206156972,0.24068414169474237,1.7929811,-0.39920464,0.4904231219880406,0.2227961216615991,1.5503999,-0.5310944,0.17025635838938555,0.29145106828319456,1.6862048,-0.9509541,0.08511286386112937,697.005678061324,53.70978201254004,756.9316081330869,544.041450777202,212.89015735588487,11692,99.48860203708273,0.0014320693454723278,1.4441280692401768,0.1226953982618744,1.8380952380952384,1.321123321123321,0.5169719169719174,11819,100.56925996204934,-3.1691907030177533e-06,43844.48303707423,9192.953513352455,53083.0,34397.0,18686.0,9527,81.06636260753397,0.2279933666102472,0,0,0,0,0,0,0,0,2.142857142857143,0.8430903828939237,1676379295.7473192,257.8801388592664,1676379309.5756993,252.62984865508855
5,0.6892825069020829,0.4151465584324798,2.3489277,-0.96961963,0.4507477905234003,0.36004337960538896,1.549953,-0.950853,0.5586005960056373,0.291833098770353,1.4914854,-0.43362916,0.34399771396130663,0.13931702771125765,1.2449237,-0.37486085,0.0618103414909983,0.17880976782323488,1.1950771,-0.7765952,-0.12225092524298575,103.86034059676763,11.60019516042023,138.77258235919237,81.19274611398964,57.57983624520273,12771,78.2834164940112,-0.0002115410341512504,9.74420492308834,1.0463802681061436,12.31637120138862,7.206034383734731,5.110336817653889,13578,83.23014870845542,1.9328685827032503e-05,18975.170499822238,204.96235096596115,19479.0,18478.0,1001.0,9908,60.73385722517133,0.0037860546580841237,0,0,0,0,0,0,0,0,2.1818181818181817,0.8428282197659417,1676462990.9820075,320.9228755546687,1676463008.657326,311.8823180777935
6,0.3296797236723492,0.3842949744184758,2.0826955,-1.1564308,0.0351970716543528,0.32276773263522046,1.4145306,-1.3128984,0.22764795451038936,0.22776030773309358,1.464043,-0.9299946,-0.08781526567678258,0.14074154039389442,1.1116374,-0.9143694,-0.4572042494094151,0.19974613120876855,0.95017326,-1.2836682,0.22963832802767048,1987.8625012746854,9491.969179898,409500.0000000015,275.25710828796133,409224.74289171357,14060,92.21425713742286,0.06113010886375246,2.3930035067221804,0.5220369620598045,3.632967032967033,0.0024420024420024,3.6305250305250305,15151,99.36971620832814,-7.966715834130918e-06,35536.53456722918,2426.502759487836,52432.0,34320.0,18112.0,11313,74.19771628703162,0.01188992182993887,0,0,0,0,0,0,0,0,1.6,0.5026246899500346,1679143308.3220441,254.43273374633662,1679143341.402241,248.0179300047664
7,0.6252820323298602,0.4482236612904359,2.6312056,-1.1019373,0.38563054543328296,0.3603909876383816,1.6745455,-0.94194925,0.49278640325330914,0.29132749493854065,1.657177,-0.78074884,0.2286093365437436,0.15785088383645832,1.058587,-0.6987938,-0.023611645838157128,0.18413174291558282,0.73867196,-1.164513,1.0662304364972286,87.61012912189217,10.726981130891525,120.94936708860762,51.33115060804492,69.6182164805627,11189,80.51146257573359,-0.0001297958836902916,11.594918907332474,1.5249979410687478,19.48134783955679,8.267922553636838,11.213425285919952,11479,82.59818383294717,1.827255692784094e-05,18913.62069883575,2663.62320027881,20350.0,1119.0,19231.0,8733,62.8390922042972,-0.014304513437924764,0,0,0,0,0,0,0,0,1.9714285714285715,0.8219673059804996,1675688349.7048583,269.2122025506005,1675688364.4501762,268.42385553019915
8,0.6536189009934863,0.36182592719400786,1.9724027,-0.75641966,0.33265189603012774,0.30268956292772153,1.4175777,-0.8719694,0.46172686886568,0.23531258939087185,1.400768,-0.5198442,0.12305080094679886,0.136717214374115,1.4030424,-0.75880677,-0.19271479965566735,0.17275122955091596,1.2698988,-1.0429735,0.22963832802767048,30.325003129221173,1.1404309590439399,34.061452513966486,26.470332850940675,7.591119663025811,6216,74.96653279785811,-3.979841417137329e-05,33.021686421354744,1.2142862465576554,37.778142255754176,29.35870100049204,8.419441255262136,6653,80.23686336939349,4.2410635180623534e-05,1588.4994994994995,33.31576460367913,1719.0,1488.0,231.0,4733,57.08117756310527,0.0011635993921331358,0,0,0,0,0,0,0,0,2.142857142857143,0.8430903828939237,1675427528.356695,132.1143136263902,1675427535.3132825,132.0710328264716
9,-inf,0.48314711995145015,2.0950003,-inf,-inf,0.4153632178097831,1.6688806,-inf,-inf,0.343192708851634,1.5261718,-inf,-inf,0.17643236879059987,1.2527089,-inf,-inf,0.19305859802557365,1.5038689,-inf,0.22963832802767048,720.3210229557579,192.73486058701954,1024.9146757679184,348.12547819433826,676.7891975735802,14623,99.16049583638484,0.004372703251670801,1.5112783852103568,0.4786578678801644,2.872527472527472,0.9756909756909754,1.8968364968364968,14766,100.1301977378143,-1.002970926322446e-05,43325.21643339572,8822.027272291827,52962.0,34397.0,18565.0,11874,80.51916347953454,0.17687353607479014,0,0,0,0,0,0,0,0,2.0526315789473686,0.8365750130677653,1676375376.756366,325.8717918514115,1676375395.7928371,321.9205689392643
10,0.0,0.0,0.0,0.0,0.0,0.0,0.0,0.0,0.0,0.0,0.0,0.0,0.0,0.0,0.0,0.0,0.0,0.0,0.0,0.0,0.22963832802767048,1164.3444536166764,306.3962058555835,1483.207112281857,347.2398880691936,1135.9672242126635,13919,106.39729095481611,0.0048952170557855605,0.9548438968761394,0.3817641818773448,2.8798534798534803,0.6742146742146741,2.2056388056388063,14259,108.9962620680166,-4.227019181539566e-06,48949.843794192064,6235.813862088762,53083.0,34397.0,18686.0,11511,87.990460247208,0.051600655880129784,0,0,0,0,0,0,0,0,2.0526315789473686,0.8365750130677653,1677153758.1227407,288.3166950048328,1677153773.1438072,284.0631566215503
11,0.516011838537959,0.4313540747458914,2.1726203,-5.810428,0.38888822696115966,0.32078392528659805,1.5874367,-6.193337,0.5282153102845519,0.2708557037257937,1.4673885,-5.4649043,0.309966965314611,0.181133956681549,1.4437816,-5.5947876,0.003144508774661013,0.24874103430168368,1.6209364,-5.6716967,0.3386836605978676,135.4185519559793,15.206094599680915,168.3519553072626,96.46761881310024,71.88433649416237,11672,79.50033034321638,0.0001394664931274857,7.4790315633695075,0.8476148001268669,10.366172735510712,5.939936950389912,4.4262357851208005,11703,79.71147755368929,-6.774033792937013e-06,18531.47400505391,166.0286680118504,19097.0,18230.0,867.0,8749,59.59119175572311,-0.0013268808042762182,0,0,0,0,0,0,0,0,2.1818181818181817,0.8428282197659417,1676894448.1394532,304.31874060174516,1676894463.717534,296.74700365765773
12,0.9609687104059514,0.38920296535615506,2.2344098,-0.94612586,0.6487233401661425,0.34297003585080366,1.6228333,-0.716733,0.6683657821790894,0.2782465361780505,1.4385235,-0.48626283,0.8022996142709434,0.23671148283716584,1.4279368,-0.42283627,0.4933590204368926,0.24542076276943642,1.1470312,-0.9196122,-0.20613168533341233,48.361913442467966,2.3129847864389808,55.3713420787084,37.30319510537049,18.06814697333791,6487,54.379626292008616,-2.635984402854679e-05,20.728705433998407,1.0779966341185427,26.80735516556412,18.05988373152552,8.747471434038598,8158,68.3873888222917,1.223862997220518e-05,1251.2231266398974,29.576454651993405,1418.0,1178.0,240.0,5147,43.14659110913648,0.0003357851712324306,0,0,0,0,0,0,0,0,2.2,0.8420753583206845,1675773618.2686477,181.11022822856984,1675773626.4695187,178.382235243524
13,0.614798232304341,0.41772519682303877,1.8607683,-1.0882845,0.3694799795128717,0.36544708954156085,1.5641938,-1.066233,0.49453766604920535,0.2907195880914765,1.6667953,-0.6397944,0.1602064103768065,0.14558547757327628,1.1272831,-0.527201,-0.12046413989669522,0.15899714993442515,1.0186344,-0.79095495,0.5071130081509532,80.56092585413515,7.164846434177075,92.76699029126216,54.81818181818184,37.94880847308032,15048,97.09452004413387,-0.00012534932183339993,12.521284448522275,1.2278730600980934,18.24212271973465,10.779696493982208,7.462426225752441,14815,95.59112934967061,2.1021622078368334e-05,19198.95607905383,2355.0078658274174,20346.0,1119.0,19227.0,11815,76.23416761838395,-0.00803496713007211,0,0,0,0,0,0,0,0,2.142857142857143,0.8430903828939237,1676638153.6207664,341.54198823606976,1676638170.6426418,334.21842829893984
14,0.3750692775788535,0.4379271473487018,2.0664546,-1.2024714,0.22982367324225525,0.3479426051096005,1.4508202,-1.0757798,0.42367696027727386,0.2342618222285259,1.5153104,-0.7269973,-0.06432821130154243,0.15433965145146383,1.3598961,-0.8538883,-0.3906859258921085,0.23692487891253355,1.4871564,-1.3545185,0.22963832802767048,117.6781119585057,8.97491297075364,138.1851851851852,84.04956018021885,54.13562500496634,11884,79.64293373364787,-0.00010181775672287888,8.55021737017932,0.6934763163398577,11.89774221133106,7.236665773251139,4.661076438079921,12960,86.85395668024877,7.525497185550849e-06,18741.2952029273,135.83640715386048,19397.0,18484.0,913.0,9190,61.58856959039245,0.0014740755749627493,0,0,0,0,0,0,0,0,1.9090909090909092,0.8048150549829897,1676809004.0168252,287.7072635986153,1676809022.9688056,285.45430492104026
15,0.7635839578206931,0.4549177675929311,2.1704817,-1.2431633,0.5167873232651506,0.3835613703630764,1.5934081,-0.9629729,0.6994167161575673,0.26991618480063195,1.6274949,-0.59453034,0.3186382716081965,0.13579862444818463,1.2906247,-0.48443225,0.025028819005917274,0.1492120923291605,1.1578853,-0.8994896,2.396488591761796,195.6538947374196,23.018976992713657,241.37707948244,139.6631016042781,101.7139778781619,6351,63.629623692541976,-0.00018536525373345964,5.187460483039864,0.655013555294092,7.160087299460121,4.142895432094037,3.0171918673660834,6560,65.7235602933515,6.079310478400602e-06,18082.60679076664,128.3024176771185,18469.0,17878.0,591.0,4809,48.18057948944015,0.001190800138232565,0,0,0,0,0,0,0,0,2.142857142857143,0.8430903828939237,1679398742.7058222,195.548603048471,1679398752.3646135,193.94712001892916
16,0.9315076101578602,0.36418833890463553,2.2487,-0.63586783,0.7348358851893184,0.3273059258616249,1.7023765,-0.6876232,0.8719096809803718,0.25750772784557907,1.6541767,-0.46253783,0.3964990917681091,0.15743719773182652,1.6375961,-0.47695014,0.020855964772459407,0.18874657097211645,1.4575186,-1.0035388,0.3489645403601779,131.5756682843951,17.908295521996024,186.28388017118405,99.10321274981028,87.18066742137377,7789,77.3385759534519,-0.0005486788011430864,7.727279628664562,0.946428685477199,10.09049022986305,5.368151012750316,4.722339217112735,8309,82.50176243384668,3.0107899105983562e-05,18580.100215463743,185.3840848395601,19043.0,18118.0,925.0,6148,61.04475092589835,0.00589746000713238,0,0,0,0,0,0,0,0,2.2,0.8420753583206845,1677840814.1107714,189.64069614285242,1677840823.4270837,187.8688624865739
17,0.873981904071599,0.46991008869123,3.3684993,-0.6963302,0.49110284872082965,0.3978796170652802,2.410672,-0.94897074,0.5673590672373998,0.3486250009442946,2.8261645,-0.69313294,0.10832425324024161,0.19889687610391257,1.9187076,-0.8419578,-0.2903260033418169,0.2577113683898966,1.3184397,-1.2562948,0.22963832802767048,44.094708811141516,1.9346300929853273,48.51724137931034,36.17205009887937,12.345191280430974,7368,60.77101994358391,-5.45117268671081e-06,22.72365664170927,1.033166282930963,27.64565451132616,20.61122956645345,7.034424944872711,7614,62.80001979512051,2.765770691767479e-06,1305.9576054502566,28.346466721635366,1441.0,1248.0,193.0,5308,43.78020817868396,7.588306758466792e-05,0,0,0,0,0,0,0,0,2.1,0.8412444993533733,1676289601.1194575,244.7613391549615,1676289615.6206367,237.28120402517803
18,0.8705909509174042,0.4660533004794416,2.3947198,-0.7520537,0.5639014244862071,0.4297748168326514,1.7005292,-0.8928267,0.6587896683180336,0.3540859216169335,1.5246753,-0.72122717,0.3593703496323971,0.20065846317367464,1.2090937,-0.4613604,0.05755977819550849,0.21392008012542346,1.0199382,-1.0570408,-0.671327557541064,94.22667241454506,9.27062946771106,113.4535186794092,64.46519664308046,48.98832203632874,13640,88.19573763707841,-0.00018041614426572797,10.725986952879806,1.1626560689780456,15.512246174267082,8.814182333346096,6.698063840920986,13908,89.9286157666046,2.191403792823829e-05,19167.479509362714,227.73816415124713,20105.0,18793.0,1312.0,10735,69.41211462859508,0.004292466964289012,0,0,0,0,0,0,0,0,2.1627906976744184,0.8431864889509921,1677069596.9974635,352.55685784787977,1677069613.2707577,346.88956590476397
19,0.6520175541995382,0.38396878105231436,2.133965,-0.7173319,0.4637728134908735,0.37683811260927214,1.6759098,-0.78809124,0.4823039483977781,0.2722287212725636,1.6006659,-0.5439432,-0.04558113904199779,0.1628863223545639,1.2324847,-0.6633272,-0.5912972302877448,0.2327952293185317,0.954843,-1.3655951,-0.45460151745504174,149.8416536441243,13.649444055968054,184.35529411764708,120.65137049584231,63.70392362180476,13056,80.4500668568647,-0.00021967612970067699,6.7290602538509035,0.6104041448783123,8.28834347998111,5.424308560197062,2.8640349197840482,12331,75.98267267248764,9.97448984444373e-06,18384.57149987368,119.56443788840163,18690.0,18129.0,561.0,9722,59.90621553174315,0.0019537781345038262,0,0,0,0,0,0,0,0,1.9393939393939394,0.8268688657895648,1676466259.124968,374.2506294090552,1676466280.465079,370.34092507320565
20,0.3708157694489754,0.3926470815426813,2.7947147,-1.090595,0.10428458446242916,0.3157532703747229,1.5004367,-1.1643227,0.37852537454710666,0.2573551320907805,1.4397329,-0.6499172,0.39257905950059135,0.14110827689515468,1.1093063,-0.23822561,0.1259169709842634,0.16807709811792326,0.9937972,-0.50411457,0.22963832802767048,777.8190084158193,117.27388075235447,995.9097943842582,381.1784417760402,614.731352608218,8630,110.25794994314624,-0.0006345984171494243,1.3223948428455843,0.25192786823032326,2.623443223443223,1.0041070041070042,1.6193362193362189,8693,111.0628457538552,1.2709415303847902e-06,48092.91621417894,7771.1771715069635,53098.0,34397.0,18701.0,7264,92.80576458713956,-0.02214478093284184,0,0,0,0,0,0,0,0,2.1627906976744184,0.8431864889509921,1675151219.7733955,142.02519852408878,1675151226.6654577,141.82838547054433
21,0.6069729015324183,0.3862074846192082,2.1903265,-0.937533,0.26853283620395907,0.3463468979316592,1.6138014,-1.1636047,0.49806980119386135,0.2619085552300197,1.5745631,-0.78452843,0.2419271282896795,0.1299947850533096,1.0964425,-0.5438353,-0.032206281944770904,0.14232087468360533,0.6063126,-0.9398427,3.7361785463662995,274.6321397778946,76.62088142887964,420.38805050816137,136.73821989528798,283.6498306128734,16207,85.76675169078035,-0.0013501073913300778,4.000055124132899,1.322540192865729,7.313244247042154,2.3787545787545787,4.934489668287576,15895,84.11566101838426,2.227933109774806e-05,29612.13713048908,8275.35659238998,36470.0,17873.0,18597.0,12423,65.7419853306944,-0.12136568302218133,0,0,0,0,0,0,0,0,2.2,0.8420753583206845,1676633706.8716059,400.34019564154966,1676633723.7145689,392.64026569095404
22,0.6535555743321552,0.4060040214789145,2.0156448,-0.9049184,0.48103405685643014,0.33648545384020206,1.6038319,-0.70036894,0.6684162857573143,0.25258912327391486,1.526503,-0.28744262,0.7035753607582033,0.168327700053435,1.3824018,-0.07492199,0.528794998266962,0.19224930367543663,1.4150428,-0.5126055,0.23551028130217266,73.18975310104125,11.342284044631134,100.52732871439568,50.57419354838712,49.95313516600856,13893,96.3627283698864,0.0001210219442143505,13.981786918101468,2.087791270931365,19.772930220691407,9.947543745453151,9.825386475238256,13656,94.71888135170003,-1.8928678917377794e-05,17288.693516167965,6256.507898485529,20347.0,1119.0,19228.0,10884,75.49211369595072,0.005129931072488149,0,0,0,0,0,0,0,0,1.9090909090909092,0.8048150549829897,1675856801.0323164,294.5896051570069,1675856823.587911,290.99357363096044
23,-inf,0.594871058771284,4.41208,-inf,-inf,0.45141073521410713,3.5149832,-inf,-inf,0.44497111141321216,3.6589408,-inf,-inf,0.34045432966167755,2.96023,-inf,-inf,0.30628609049322975,2.4834986,-inf,0.22963832802767048,2247.5094044012385,10407.424727916037,104755.81395348876,577.655522640711,104178.15843084805,14234,77.88398929738071,0.050202912316571216,1.4484052882522997,0.22419842652766442,1.7311355311355312,0.0095460095460095,1.7215895215895216,16030,87.71113871273099,-5.180552685741511e-07,35941.209302961826,4912.644622484399,53083.0,34005.0,19078.0,11127,60.883458543765286,-0.010135656709053382,0,0,0,0,0,0,0,0,1.8275862068965518,0.7591802683177136,1679919660.7209806,338.6351360361537,1679919687.4951005,335.1841339617985
24,0.4295295591580848,0.4048341115306777,2.002892,-0.8571121,0.20142211396866483,0.3136766338099568,1.5140212,-0.97344583,0.3952143690710091,0.25261130630446216,1.3784518,-0.6590963,0.046867183240346354,0.17780557884369633,1.3798141,-0.6752078,-0.32297613433800265,0.218001370062847,1.4207509,-1.0997878,0.22963832802767048,607.410787767393,129.80710745165453,853.6100056850481,349.3729203992834,504.23708528576475,13171,87.21361409084889,-0.002714736097591948,1.7298873105587445,0.39926323805115355,2.862271062271061,1.1714951714951716,1.6907758907758894,14008,92.75592636736856,8.158305353374964e-06,38782.974764931794,7532.023698843004,53084.0,34397.0,18687.0,10373,68.68626671963979,-0.10137894610523919,0,0,0,0,0,0,0,0,2.2444444444444445,0.8299933065325821,1676726380.81777,325.14591901508163,1676726396.5584886,315.6894705586968
25,0.8816428835175893,0.39276966316375206,2.1421945,-0.48749018,0.6126742952788325,0.3616390016594897,1.6548741,-0.7511641,0.6453194891012459,0.2959553181460372,1.4178295,-0.5868264,0.45475370963933337,0.19725814580150847,1.0807486,-0.4156937,0.12731464969258224,0.20926109791488073,0.8545752,-0.78349024,0.0559877611965543,942.3163737364562,311.13842486293163,1575.5508919202518,285.3857411666318,1290.16515075362,12233,84.32945912782121,0.002021995313790842,1.1999516168312958,0.4585801888893077,3.504029304029304,0.6346986346986347,2.8693306693306693,12045,83.03346155436986,-2.6164068478950915e-06,46693.37236491983,7986.9957996061285,53087.0,34396.0,18691.0,9393,64.75162344376888,0.06484011467642359,0,0,0,0,0,0,0,0,1.9411764705882353,0.8143105085150718,1676812984.7441666,267.73065348866936,1676813003.943422,261.8449333161787
26,0.7277340338341105,0.4000995298769414,2.5417707,-0.929062,0.41590585978863887,0.3393141899349963,1.5254495,-1.0195037,0.5618923588267488,0.2841976926496962,1.4792411,-0.50782317,0.7777244361549334,0.14426254115301856,1.5415001,-0.03806688,0.5913235026008146,0.17777092239721087,1.4216609,-0.30130473,0.2237663747531683,419.47876673933433,3922.7439161541306,58499.99999999998,80.79088471849866,58419.20911528148,12597,87.13426021996266,0.011808770481169005,7.646497618311901,1.3312041751461312,12.377633980421438,0.017094017094017,12.36053996332742,12969,89.70740817597012,1.8062603163002287e-06,18738.439565608354,2282.6238660641015,49891.0,17804.0,32087.0,9617,66.5214083143114,0.007543598845562644,0,0,0,0,0,0,0,0,2.0,0.816496580927726,1678801475.7423115,279.62393579089274,1678801496.5685914,272.56774382190696
27,0.6632652789845979,0.4390092486397434,3.9921515,-1.1451768,0.37041796083846934,0.35049794705175386,3.034608,-1.2087234,0.6022354686472001,0.2667014174351204,3.0250268,-0.5669603,0.4097007166323503,0.22330028579802388,2.4924576,-0.66633886,0.1262635057401331,0.2598946193195442,1.9262323,-1.1047579,0.25806764306957763,155.22791253568303,21.43080309574352,223.7321530553969,121.70083876980432,102.03131428559259,11770,80.24927046117762,-0.00047803390187212185,6.5588848091300465,0.8554302528295854,8.21687023777616,4.469630253602379,3.747239984173781,11163,76.11067172116617,1.9524383777947892e-05,18351.23795920037,167.55953934862714,18676.0,17942.0,734.0,8613,58.724466141216894,0.0038243874834658406,0,0,0,0,0,0,0,0,2.1,0.8412444993533733,1679832389.061403,290.1284862823506,1679832405.4925098,284.63142745941065
28,0.4748617405849091,0.4287001555697725,3.9830084,-1.127346,0.2908158376292243,0.3294224958365959,3.0307093,-1.2327336,0.4560833814888367,0.3022887882451018,3.0204926,-0.88392496,0.10712591693569577,0.17609038403875538,2.5296464,-0.8342977,-0.37252372477527557,0.2120229632432371,1.9921122,-1.2241634,0.22963832802767048,152.49720556574442,43.357851300588514,218.24791086350976,61.509656146961845,156.7382547165479,12931,75.07896325886014,0.0004565586043639317,7.252013243801646,2.5615256642712865,16.257609985832985,4.581945348495871,11.675664637337114,13360,77.56978958613962,-2.786811071090115e-05,18487.006224162757,501.7452433032989,20251.0,17964.0,2287.0,9853,57.20771981977797,-0.005458735855773534,0,0,0,0,0,0,0,0,2.1,0.8412444993533733,1675511458.1405299,366.3313873830044,1675511476.2095277,360.72534754024224
29,0.7249152832610299,0.4126748799856091,4.2244935,-0.66377085,0.4969298211937056,0.3624221272548211,3.24726,-0.72846687,0.6706996652229169,0.3078018405116708,3.5075936,-0.48382443,0.46184460937381555,0.16989712364753676,2.7228906,-0.24997702,0.2543788501131881,0.18857800727123264,2.1551929,-0.6194305,-0.4802160598917439,66.07614416353545,4.471764554820839,76.89008832188422,57.57922350472196,19.310864817162262,17454,104.44304820034108,7.419188240026367e-05,15.202906612331727,1.0199544786254133,17.367375576330794,13.005577465507775,4.361798110823019,17099,102.31876252879754,-1.6943884859375937e-05,15567.123729168537,7969.329252153575,20345.0,1119.0,19226.0,13858,82.92493193309997,0.09605533132897964,0,0,0,0,0,0,0,0,1.9714285714285715,0.8219673059804996,1675341203.489556,311.3850803100022,1675341224.0604844,308.5604505236083
30,0.6709467412346514,0.37510728999268617,2.4229162,-0.647957,0.4087281073799248,0.30243613340358033,1.6018454,-1.0800438,0.568695169963487,0.25913941912562033,1.7079895,-0.532465,0.5159340989986637,0.17259884648013066,1.3159581,-0.3019206,0.27415467581128516,0.1819940313149086,1.306337,-0.48083448,-0.8057820444656949,201.79870914693447,18.460191128519998,241.9734403953058,146.01379053298547,95.95964986232033,8613,70.0933438585926,-1.653371792836121e-05,4.998709011015613,0.4768310395669345,6.848668172709985,4.132684968921902,2.715983203788083,8385,68.23786000862637,7.534538298505013e-07,18045.63462430521,93.40047195277224,18408.0,17876.0,532.0,6514,53.01149911701755,0.00014758465255662912,0,0,0,0,0,0,0,0,1.9714285714285715,0.8219673059804996,1676722193.2455475,284.8408525239393,1676722212.7177064,283.394645814357
31,0.4727611219137821,0.5893117764578215,4.2292686,-0.74085236,0.18509022722936183,0.45724445658535817,3.253212,-1.089057,0.46372790820875565,0.46177415905940666,3.4008334,-0.67279756,0.2993262049235752,0.3022203095288495,2.7748396,-0.47670186,-0.0372840155394411,0.28095615553807424,2.1686752,-0.8397417,2.6064811809552717,235.65165910506903,28.112985837559503,325.697924123121,151.54932301740817,174.14860110571286,16093,92.14270582240214,-0.00048468931889865136,4.3053155777425465,0.526522751978704,6.598511824992659,3.07032967032967,3.5281821546629892,16691,95.56663784761784,9.007679597178629e-06,26860.920098710012,9052.04964772795,36470.0,17879.0,18591.0,12925,74.00388198313226,-0.15487505081940484,0,0,0,0,0,0,0,0,1.9411764705882353,0.8143105085150718,1677158984.0376933,358.4497315316512,1677159004.9331758,356.23414616424276
32,0.9494052895351051,0.40557232070120003,4.260335,-0.69920534,0.5829164868563608,0.3553258563421793,3.278708,-0.7224164,0.6266523077161006,0.28768570994059334,3.1030045,-0.3915177,0.5809685651556826,0.22023999339434194,2.7692251,-0.11678727,0.30608689219921853,0.25614032671646747,2.187874,-0.43209422,0.17298629775380364,1302.6709221570343,336.8971321915039,2069.131832797428,733.0349877949552,1336.096845002473,14964,92.59786388782317,-0.006696485719858673,0.8230904117588689,0.22259213228835564,1.364191364191364,0.4832944832944832,0.8808968808968809,15501,95.92084256382965,4.368108209182199e-06,51688.30537988391,501.333129946449,52907.0,50923.0,1984.0,11837,73.24785584336828,0.00983807171413052,0,0,0,0,0,0,0,0,1.9411764705882353,0.8143105085150718,1677244172.9492397,287.8768902097639,1677244192.9763334,285.8133564168529
33,0.9855293124962476,0.3977064556304172,4.0831127,-0.5741312,0.7429099819949303,0.346296962967497,3.1371362,-0.6822305,0.9144081453371156,0.2902629077304532,3.0688648,-0.30454698,0.6081337509636151,0.17442440351070382,2.6266243,-0.10638384,0.3023733784844368,0.1718784384258383,2.0088763,-0.5166534,0.436711419421229,56.44119117233954,1.55492002720684,59.83969465648857,50.48114075436984,9.358553902118729,8026,54.07736310530465,2.0213870896669723e-05,17.73128651551779,0.49889486921110027,19.80937801833324,16.711315218777898,3.0980627995553434,8843,59.582123341665714,-6.445715370050933e-06,1168.984442483004,13.687929079110365,1226.0,1141.0,85.0,6447,43.438420127074394,-0.00017684786975038976,0,0,0,0,0,0,0,0,2.0,0.816496580927726,1675945896.5785267,309.13639882829864,1675945918.5537052,304.06524179079975
34,0.7343832231671024,0.4234040757059152,1.8953274,-1.0821197,0.43822781280158307,0.3647311406989189,1.6121978,-1.1586134,0.5828484456765152,0.2705502170108317,1.5868659,-0.7130744,0.30212462915015936,0.13477300312790205,1.0015662,-0.46101338,-0.09622634041215636,0.1466018053840361,0.43346548,-0.66392064,-0.006526091012626134,368.8374888065853,84.40961998291905,537.1900826446281,83.15750371471027,454.0325789299178,10405,74.57979428735261,-0.00020681712507015043,2.976715371583212,1.3015953846858073,12.025373000982755,1.8615384615384616,10.163834539444293,10556,75.66211518474717,9.257803296495653e-06,34122.63109343081,4239.494813171204,36479.0,17873.0,18606.0,7954,57.01179084686235,-0.040533616210569175,0,0,0,0,0,0,0,0,2.1818181818181817,0.8428282197659417,1677067533.9599333,316.15766505333676,1677067550.066744,307.7758711797399
35,0.6683252907666756,0.44316616176472856,4.2065053,-0.7507595,0.6545751961492015,0.3027911325761413,3.3801494,-0.6667551,0.9522457943168847,0.314805410121081,3.6227837,-0.20711185,1.1347639619924368,0.1770802604675411,2.8438206,0.28639138,0.9047251608336795,0.1884869706601605,2.3226776,-0.50183356,0.5343011154401144,847.0094697255992,86.60665113898719,992.3992068737608,614.0350877192983,378.3641191544625,13417,109.2696354692641,0.0017245922514722047,1.193917166254854,0.1308708221319522,1.6285714285714283,1.0076590076590075,0.6209124209124208,14142,115.17412124963352,-2.670647011078806e-06,50980.54969540997,4958.813864419034,53083.0,34397.0,18686.0,10925,88.9744926214288,0.0591278802846492,0,0,0,0,0,0,0,0,2.1219512195121952,0.8424702354154571,1678712476.718146,238.05600357443066,1678712490.1145506,233.22198743514315
36,0.6295378293399154,0.4156391064020468,1.9632788,-0.82378554,0.32694606438147145,0.34033019844233237,1.6194389,-0.762756,0.5363913295081004,0.2577068780762051,1.4796106,-0.43313324,0.6852308513939765,0.16443718514008718,1.3076924,-0.07325733,0.499119742291534,0.16305331730837122,1.1959773,-0.28081658,0.25639806674973487,167.21453299938662,85.53127477184132,349.3729203992834,47.10128755364808,302.2716328456353,13021,82.76918578411743,-0.0006503084794709874,7.736507190273361,3.7558459073355928,21.230842126364507,2.862271062271061,18.368571064093445,12944,82.27972819212164,3.535964184053186e-05,22385.60171500855,7399.533145870886,36469.0,1146.0,35323.0,10147,64.50034007767756,-0.024885700909534503,0,0,0,0,0,0,0,0,2.0285714285714285,0.8219673059804996,1676548212.0297418,320.44717580661194,1676548231.8386412,313.6319431303749
37,0.5854920056749874,0.4817075769519493,2.4210734,-0.8209026,0.24881614290818183,0.3542555999191416,1.5140584,-1.0295577,0.3712688473869904,0.25481117463853403,1.33309,-0.6728693,0.10409216855769819,0.23421110326619826,1.4612886,-0.67898166,-0.20958089569125787,0.3296630946363629,1.5111367,-1.1686044,0.22963832802767048,173.9514559199679,28.984473862995433,236.9963702359348,113.84917175239757,123.14719848353722,10180,69.6087414356632,-0.0005561376859814166,5.930688182067307,1.1026498891641485,8.783550943829692,4.219473905885054,4.564077037944638,10288,70.34722317191581,2.089441540548223e-05,18228.188374382888,215.9843036647505,18787.0,17893.0,894.0,7843,53.6288171984191,0.004092745853587525,0,0,0,0,0,0,0,0,2.076923076923077,0.839317247109546,1676030970.155537,306.42677356062285,1676030986.753723,300.4194088996003
38,0.7077438500116352,0.40823527584166713,1.8252068,-0.927489,0.43540080324393066,0.37156012487677703,1.678732,-0.9371444,0.6295657298949656,0.2975930301548958,1.5333917,-0.5952326,0.4841415645086594,0.1814175241023659,1.1606328,-0.66940403,0.2508595157886576,0.2032485250888359,1.4356637,-1.0090942,-0.3961881265392365,356.1729506567724,73.32508543710287,529.2749127568825,246.9694228333635,282.30548992351896,12952,101.39821817213898,0.0015145065701276255,2.917477007363803,0.5437696097517526,4.049084249084249,1.889377289377289,2.15970695970696,12837,100.49790971863403,-1.1064620337835453e-05,35441.678057525794,371.12275865557115,36214.0,34740.0,1474.0,10099,79.06273975605556,-0.007551603380572594,0,0,0,0,0,0,0,0,1.9090909090909092,0.8048150549829897,1676983190.4847567,285.5993862348604,1676983210.34423,283.7798624567899
